{
    "0.451": {
        "10.0": [
            0.33036274882198496,
            7.104645102818763,
            -0.11388179701921568
        ],
        "20.0": [
            0.3775679515370991,
            15.698987058823816,
            -0.4429359258250802
        ],
        "30.0": [
            0.5546056341268698,
            5.743447173128212,
            -0.5173368096537239
        ],
        "40.0": [
            0.5710015899120146,
            5.042039663384073,
            -0.594352576398529
        ],
        "50.0": [
            0.6303960455645827,
            4.221726276313467,
            -0.5472333764344668
        ],
        "75.0": [
            0.674856536857498,
            3.3312617799283357,
            -0.5393687102307605
        ],
        "100.0": [
            0.6276525052134238,
            3.1389084733508046,
            -0.6247116707152126
        ],
        "250.0": [
            0.7394318377880313,
            2.4867946766944224,
            -0.5024172543159091
        ],
        "500.0": [
            0.800666005171796,
            2.3754818112548097,
            -0.43203872922681663
        ],
        "1000.0": [
            0.7778489751573611,
            2.349920702661548,
            -0.46954800081507214
        ],
        "2000.0": [
            0.8155552518467117,
            2.282277061734416,
            -0.4260586154048383
        ],
        "5000.0": [
            0.8430092834173576,
            2.2217935179900707,
            -0.39585477181505413
        ],
        "10000.0": [
            0.831962991286999,
            2.255030831927952,
            -0.4070273947174743
        ],
        "15000.0": [
            0.8347084433992735,
            2.2478506830277962,
            -0.40389452983920104
        ],
        "20000.0": [
            0.8268821787776317,
            2.2646620350388185,
            -0.4168774424320738
        ]
    },
    "0.486": {
        "10.0": [
            6577.752364547033,
            3.991806349333729,
            2.6125392268950742
        ],
        "20.0": [
            0.46447236091422234,
            8.777167521091126,
            -0.45072470988122976
        ],
        "30.0": [
            0.6860708220939469,
            4.150956258669411,
            -0.36396297748508655
        ],
        "40.0": [
            0.5480723391688294,
            5.091117234812151,
            -0.6108594713424452
        ],
        "50.0": [
            0.5938625653942509,
            4.243438014702294,
            -0.6238463914944032
        ],
        "75.0": [
            0.6047549436663076,
            3.6837466474580665,
            -0.6417236415104046
        ],
        "100.0": [
            0.6791991864805222,
            3.129613269029951,
            -0.5563641273459513
        ],
        "250.0": [
            0.723429207194991,
            2.604078241584015,
            -0.5276419424519412
        ],
        "500.0": [
            0.782438257211069,
            2.4590803409230095,
            -0.46008679879197106
        ],
        "1000.0": [
            0.7856951841818929,
            2.3800882434929607,
            -0.46370515868075957
        ],
        "2000.0": [
            0.791266534549851,
            2.3211780712721763,
            -0.4521259887624803
        ],
        "5000.0": [
            0.8189912262409482,
            2.275944446285723,
            -0.4178302355606063
        ],
        "10000.0": [
            0.8248001128345291,
            2.28211089026875,
            -0.41344431384559144
        ],
        "15000.0": [
            0.8213357342716334,
            2.2809402129992593,
            -0.4187976527688179
        ],
        "20000.0": [
            0.8247024320874223,
            2.2767684969585202,
            -0.41517277662730906
        ]
    },
    "0.561": {
        "10.0": [
            1589.713807827681,
            3.970395548791607,
            2.091914081059412
        ],
        "20.0": [
            0.614271687879534,
            4.816006233550297,
            -0.2624540599259519
        ],
        "30.0": [
            0.6714021524342935,
            4.556762003659359,
            -0.37172689149565086
        ],
        "40.0": [
            0.7109210579758435,
            3.8258507314867094,
            -0.4303551859107848
        ],
        "50.0": [
            0.5724978800632365,
            3.7560391249676646,
            -0.6074158810124223
        ],
        "75.0": [
            0.6168096931691825,
            3.6582192211772293,
            -0.6263723021189697
        ],
        "100.0": [
            0.5879461166811549,
            3.490290166685671,
            -0.6904220292624943
        ],
        "250.0": [
            0.7419382475068572,
            2.579006392186426,
            -0.5063417036190079
        ],
        "500.0": [
            0.7635525709060635,
            2.4571010706547414,
            -0.4676002061886623
        ],
        "1000.0": [
            0.7783608234828077,
            2.4227166794359256,
            -0.4554890610071599
        ],
        "2000.0": [
            0.8049039813721691,
            2.360221657095484,
            -0.4332998608358588
        ],
        "5000.0": [
            0.8163490605989854,
            2.3203487358466806,
            -0.42107647230576517
        ],
        "10000.0": [
            0.8047576757347434,
            2.3376569336722297,
            -0.4337356812437735
        ],
        "15000.0": [
            0.8032072056714928,
            2.3485069279000963,
            -0.43517225474302523
        ],
        "20000.0": [
            0.8128826020655682,
            2.3263271786480653,
            -0.4235457791191291
        ]
    },
    "0.603": {
        "10.0": [
            0.6951297400422272,
            8.284771052935362,
            -0.03067738414740972
        ],
        "20.0": [
            0.6221917346942187,
            5.335251377737806,
            -0.2981213072352243
        ],
        "30.0": [
            0.7536410804850064,
            3.6282777173200444,
            -0.28408678563454853
        ],
        "40.0": [
            0.6667699568024026,
            3.734985647307575,
            -0.41585066023076844
        ],
        "50.0": [
            0.7483428222851394,
            3.2027655944583597,
            -0.4250025436475561
        ],
        "75.0": [
            0.6230837891012667,
            3.515576076590761,
            -0.5973765587679469
        ],
        "100.0": [
            0.5973581446249976,
            3.7009253861139557,
            -0.6456585910441892
        ],
        "250.0": [
            0.7179819983632493,
            2.692466579885015,
            -0.5327455505783877
        ],
        "500.0": [
            0.7633034564257553,
            2.4818696574009405,
            -0.4749923920158709
        ],
        "1000.0": [
            0.8249522716027017,
            2.3682341102087663,
            -0.40787676326716205
        ],
        "2000.0": [
            0.7792906560827633,
            2.4119627585542482,
            -0.4595918327067869
        ],
        "5000.0": [
            0.797641549137708,
            2.374059711251973,
            -0.43860687191827163
        ],
        "10000.0": [
            0.7970142220106794,
            2.3702336363968195,
            -0.4384254898499514
        ],
        "15000.0": [
            0.7983437492598473,
            2.375235953374905,
            -0.43791080996043724
        ],
        "20000.0": [
            0.803370445877631,
            2.360851070323886,
            -0.4311861104567019
        ]
    },
    "0.661": {
        "10.0": [
            24659.782866096768,
            4.884393220598206,
            2.316096567139992
        ],
        "20.0": [
            0.6004508015689748,
            4.840233840509099,
            -0.2687354212166236
        ],